<?xml version="1.0" encoding="UTF-8" ?>
<!DOCTYPE configuration
        PUBLIC "-//mybatis.org//DTD Config 3.0//EN"
        "http://mybatis.org/dtd/mybatis-3-config.dtd">
<configuration>
    <settings>
        <!--true即：全局启用惰性加载-->
        <setting name="lazyLoadingEnabled" value="true" />
        <!--false即：惰性加载时，每个属性都按需加载-->
        <setting name="aggressiveLazyLoading" value="false"/>
    </settings>
    <typeAliases>
        <package name="com.github.yeecode.mybatisdemo.model"/>
    </typeAliases>
    <environments default="development">
        <environment id="development">
            <transactionManager type="JDBC"/>
                <dataSource type="POOLED">
                    <property name="driver" value="com.mysql.cj.jdbc.Driver"/>
                    <property name="url" value="jdbc:mysql://127.0.0.1:3306/yeecode?serverTimezone=UTC"/>
                    <property name="username" value="root"/>
                    <property name="password" value="yeecode"/>
                </dataSource>
        </environment>
    </environments>
    <mappers>
        <mapper resource="com/github/yeecode/mybatisdemo/Dao01.xml"/>
        <mapper resource="com/github/yeecode/mybatisdemo/Dao02.xml"/>
    </mappers>
</configuration>