<?xml version="1.0" encoding="UTF-8" ?>
<!DOCTYPE configuration
        PUBLIC "-//mybatis.org//DTD Config 3.0//EN"
        "http://mybatis.org/dtd/mybatis-3-config.dtd">
<configuration>
    <plugins>
        <plugin interceptor="com.github.yeecode.mybatisdemo.plugin.YeecodeInterceptor">
            <property name="preInfo" value="本次查询记录数目"/>
        </plugin>
    </plugins>
    <environments default="development">
        <environment id="development">
            <transactionManager type="JDBC"/>
                <dataSource type="POOLED">
                    <property name="driver" value="com.mysql.cj.jdbc.Driver"/>
                    <property name="url" value="jdbc:mysql://127.0.0.1:3306/yeecode?serverTimezone=UTC"/>
                    <property name="username" value="root"/>
                    <property name="password" value="yeecode"/>
                </dataSource>
        </environment>
    </environments>
    <mappers>
        <mapper resource="com/github/yeecode/mybatisdemo/UserMapper.xml"/>
    </mappers>
</configuration>