<?xml version="1.0" encoding="UTF-8" ?>
<!DOCTYPE configuration
        PUBLIC "-//mybatis.org//DTD Config 3.0//EN"
        "http://mybatis.org/dtd/mybatis-3-config.dtd">
<configuration>
    <properties>
        <property name="defaultScriptingLanguage" value="XMLLanguageDriver"/>
        <property name="dbname" value="yeecode"/>
    </properties>
    <typeAliases>
        <package name="com.github.yeecode.mybatisdemo.model"/>
    </typeAliases>
    <environments default="development">
        <environment id="development">
            <transactionManager type="JDBC"/>
                <dataSource type="POOLED">
                    <property name="driver" value="com.mysql.cj.jdbc.Driver"/>
                    <property name="url" value="jdbc:mysql://127.0.0.1:3306/${dbname}?serverTimezone=UTC"/>
                    <property name="username" value="root"/>
                    <property name="password" value="yeecode"/>
                </dataSource>
        </environment>
    </environments>
    <databaseIdProvider type="DB_VENDOR">
        <property name="MySQL" value="mysql" />
        <property name="SQL Server" value="sqlserver" />
    </databaseIdProvider>
    <mappers>
        <mapper resource="com/github/yeecode/mybatisdemo/UserDao.xml"/>
    </mappers>
</configuration>